Column1;Column2;Column3;Column4;Column5;Column6;Column7;Column8;Column9;Column10;Column11;Column12
Espacenet;;;;;;;;;;;
Recherche de brevets;;;;;;;;;;;
"858 résultats trouvés pour ctxt all ""hydrogen"" AND ctxt all ""battery"" AND ctxt = ""electric vehicle"" AND ctxt all ""charging""";;;;;;;;;;;
Résultats affichés : 1 à 500;;;;;;;;;;;
Langue de la requête: en / de / fr;;;;;;;;;;;
Trier par: Pertinence;;;;;;;;;;;
;;;;;;;;;;;
No;Titre;Inventeurs;Demandeurs;Numéro de publication;Priorité la plus ancienne;CIB;CPC;Date de publication;Publication la plus ancienne;Numéro de famille;
1;Plug-in hybrid vehicle with fast energy storage;"BENDER DONALD A [US] 
DESHMANE ATUL [US] 
MEANS ANDREW E [US]";AFS TRINITY POWER CORP [US];US2006250902A1;2005-05-05;H04B1/20;"B60K6/20 (KR) 
B60K6/28 (KR) 
B60K6/30 (EP,US) 
B60K6/46 (EP,US) 
B60K6/48 (EP,US) 
B60K6/52 (EP,US) 
B60K6/54 (EP,US) 
B60L15/007 (EP,US) 
B60L50/15 (EP,US) 
B60L50/16 (EP,US) 
B60L50/61 (EP,US) 
B60L50/62 (EP,US) 
B60L53/14 (EP,US) 
B60L53/30 (EP,US) 
B60L55/00 (EP,US) 
B60L58/20 (EP,US) 
H04B1/20 (KR) 
B60K1/02 (EP,US) 
B60L2260/28 (EP,US) 
Y02E60/00 (EP,US) 
Y02T10/62 (EP,US) 
Y02T10/64 (EP,US) 
Y02T10/70 (EP,US) 
Y02T10/7072 (EP,US) 
Y02T90/12 (EP,US) 
Y02T90/14 (EP,US) 
Y02T90/16 (US) 
Y04S10/126 (EP,US)";2006-11-09;2006-11-09;037397092;
2;Electric vehicle wireless charging system through hydrogen power generation;SON JEONG KI [KR];SON JEONG KI [KR];KR20230163874A;2022-05-24;"B60L53/12 
B60L53/38 
B60L53/54 
B60L53/66 
B60L53/68 
G06Q20/14 
G06Q50/30";"B60L53/12 (KR) 
B60L53/38 (KR) 
B60L53/54 (KR) 
B60L53/665 (KR) 
B60L53/68 (KR) 
G06Q20/145 (KR) 
G06Q50/40 (KR) 
B60Y2200/91 (KR) 
Y02T90/12 (KR)";2023-12-01;2023-12-01;089124565;
3;Electric vehicle charging system using hydrogen fuel cell;HONG SEONG HO;HOGREENAIR CO LTD [KR];KR102511391B1;2022-09-20;"B60L3/00 
B60L53/16 
B60L53/51 
B60L53/54 
B60L53/57 
B60L58/30 
H01M8/04082 
H05K7/20";Y02T10/70 (EP);2023-03-20;2023-03-20;085796535;
4;SYSTÈME DE CHARGE DE BATTERIE POUR VÉHICULE ÉLECTRIQUE;CHUNG YON JONG [KR];CHUNG YON JONG [KR];"WO2011019133A2 
WO2011019133A3";2009-08-13;"B60L11/18 
B60W10/24 
H02J7/00";"B60K6/46 (EP) 
B60L15/2045 (EP) 
B60L58/12 (EP,US) 
B60W10/06 (EP) 
B60W10/08 (EP) 
B60W10/24 (KR,US) 
B60W20/00 (EP) 
B60W20/12 (EP,US) 
H02J5/00 (US) 
H02J7/00 (KR) 
H02J7/02 (EP,US) 
B60L2240/24 (EP) 
B60L2240/26 (EP) 
B60L2240/62 (EP) 
B60L2240/622 (EP) 
B60L2240/68 (EP) 
B60L2260/54 (EP) 
B60L2260/56 (EP) 
B60W2050/0025 (EP) 
B60W2050/0031 (EP) 
B60W2050/146 (EP) 
B60W2510/244 (EP) 
B60W2530/10 (EP) 
B60W2540/10 (EP) 
B60W2540/12 (EP) 
B60W2540/18 (EP) 
B60W2554/00 (EP) 
B60W2556/50 (EP) 
Y02T10/62 (EP) 
Y02T10/64 (EP) 
Y02T10/70 (EP) 
Y02T10/72 (EP) 
Y02T90/16 (EP)";"2011-02-17 
2011-04-07";2010-03-25;042183715;
5;ESS SYSTEM FOR CHARGING FUEL CELL ELECTRIC VEHICLE AND ELECTRIC VEHICLE;"MUN TAEEUN [KR] 
CHAE HO BYUNG [KR] 
SHIN JONG HOON [KR]";"SIGNET EV INC [KR] 
SIGNET ENERGY [KR]";US2022140365A1;2020-11-02;"H01M16/00 
H01M8/04828 
H02J7/34";"B60K15/03006 (KR) 
B60L53/20 (KR) 
B60L53/50 (KR) 
B60L58/12 (KR) 
B60L58/31 (KR) 
H01M10/425 (EP) 
H01M16/003 (US) 
H01M16/006 (EP,KR) 
H01M8/0494 (EP,US) 
H01M8/04992 (EP) 
H01M8/186 (KR) 
H02J7/34 (EP,KR,US) 
B60K2015/03315 (KR) 
B60L2210/30 (KR) 
B60Y2200/91 (KR) 
H01M2010/4271 (EP) 
H01M2220/10 (EP,KR) 
H01M2220/20 (EP) 
H01M2250/10 (EP,KR) 
H01M2250/20 (EP,US) 
H01M8/0494 (KR) 
H02J2207/20 (EP,KR) 
H02J2300/30 (EP) 
Y02E60/10 (EP) 
Y02E60/36 (EP) 
Y02E60/50 (EP) 
Y02T10/70 (EP,KR) 
Y02T10/7072 (EP) 
Y02T90/12 (EP) 
Y02T90/14 (EP) 
Y02T90/40 (EP,KR)";2022-05-05;2021-03-17;075243546;
6;Method for quickly charging electric vehicle lead-acid storage battery;"CHENG HUANGREN 
HAN YIXI 
LI QINGBAO 
ZHAO XI";TIANJIN YADI IND CO LTD;CN108550935A;2018-04-19;H01M10/44;"H01M10/445 (CN) 
Y02E60/10 (EP)";2018-09-18;2018-09-18;063515557;
7;Stable Charging Device for Methanol Hydrogen Production Electric Vehicle;CHEN JIEPING;ZHEJIANG QINGGU NEW ENERGY AUTOMOBILE CO LTD;"CN109263516A 
CN109263516B";2018-10-30;"B60L58/31 
H01M8/04082 
H01M8/0612";"H01M8/04201 (CN) 
H01M8/0618 (CN) 
H01M8/0625 (CN) 
Y02E60/50 (EP) 
Y02T90/40 (EP)";"2019-01-25 
2024-03-15";2019-01-25;065194032;
8;AUTOMATIC CHARGING SYSTEM FOR ELECTRIC VEHICLE;CHEN WEN-LO [TW];CHEN WEN-LO [TW];US2013093378A1;2011-10-17;H02J7/00;"B60L50/72 (EP,US) 
B60L58/40 (EP,US) 
B60L8/00 (EP,US) 
C25B1/04 (EP,US) 
C25B15/02 (EP,US) 
C25B15/08 (EP,US) 
H01M16/003 (EP,US) 
H01M16/006 (EP,US) 
H01M8/0656 (EP,US) 
H01M2220/20 (EP,US) 
H01M2250/20 (EP,US) 
H02J2310/48 (EP) 
Y02E60/10 (EP) 
Y02E60/36 (EP,US) 
Y02E60/50 (EP) 
Y02T10/70 (EP) 
Y02T10/7072 (EP,US) 
Y02T90/40 (EP,US)";2013-04-18;2013-04-18;048085546;
9;Motor driving and lithium battery charging integrated system of hybrid electric vehicle;"CHEN JING 
TIAN SHAOPENG 
XIAO CHUN 
WANG YUNING 
YANG CAN 
QIN GUOFENG 
LI ZHIHUA 
GUO ZHENGYANG";FOSHAN XIANHU LABORATORY;CN214240460U;2020-12-10;"B60L50/75 
B60L58/40 
H02J7/02 
H02P27/06";"Y02T10/64 (EP) 
Y02T10/70 (EP) 
Y02T90/40 (EP)";2021-09-21;2021-09-21;077737375;
10;Automatic charging device for battery module of electric vehicle;CHEN WEN-LE [TW];CHEN WEN-LE [TW];TW201310755A;2011-08-18;"B60L11/18 
H01M2/36 
H01M8/04";"Y02E60/50 (EP) 
Y02T10/70 (EP)";2013-03-01;2013-03-01;048482101;
11;Motor driving and lithium battery charging integrated method for hybrid electric vehicle;"CHEN JING 
TIAN SHAOPENG 
XIAO CHUN 
WANG YUNING 
YANG CAN 
QIN GUOFENG 
LI ZHIHUA 
GUO ZHENGYANG";FOSHAN XIANHU LABORATORY;CN112606713A;2020-12-10;"B60L50/75 
B60L58/40 
H02J7/02 
H02P27/06";"B60L50/75 (CN) 
B60L58/40 (CN) 
H02J7/02 (CN) 
H02P27/06 (CN) 
B60L2210/10 (CN) 
B60L2210/30 (CN) 
Y02T10/64 (EP) 
Y02T10/70 (EP) 
Y02T90/40 (EP)";2021-04-06;2021-04-06;075232631;
12;VÉHICULE ÉLECTRIQUE HYBRIDE À HYDROGÈNE;"AHMAD REZAL KHAIRI BIN [MY] 
ZOLKIPLI MOHAMAD HAFIZ BIN [MY] 
ABDULLAH MOHAMAD SHAZWAN BIN [MY] 
SULAIMAN MOHD TAUFIK BIN [MY] 
PARDAMAN SINGH JAGJEET SINGH A/L [MY]";NANOMALAYSIA BERHAD [MY];WO2023128748A1;2021-12-27;"B60K6/26 
B60K6/28 
B60L15/20 
B60L53/24 
B60L58/40";"B60K6/28 (EP) 
B60K6/32 (EP) 
B60K6/48 (EP) 
B60L50/40 (EP) 
B60L58/12 (EP) 
B60L58/40 (EP) 
H01M10/0525 (EP) 
H01M16/003 (EP) 
H01M16/006 (EP) 
H01M4/583 (EP) 
H01M8/0606 (EP) 
H01M8/1004 (EP) 
H01M2220/20 (EP) 
H01M2250/20 (EP) 
Y02T10/70 (EP) 
Y02T90/40 (EP)";2023-07-06;2023-07-06;086999818;
13;Control method and system for charging electric vehicle by hydrogen fuel cell generator;"XIANG HUA 
YANG WEITAO";GUANGDONG HYDROGEN ENERGY SCIENCE & TECH CO LTD;CN110015205A;2017-11-29;B60L58/30;"B60L58/30 (CN) 
Y02T90/40 (EP)";2019-07-16;2019-07-16;067186523;
14;BATTERY CONTROL DEVICE FOR ELECTRIC VEHICLE;"ARAI YOICHI 
SHIMOYAMA KENICHI";YAZAKI CORP;JPH11162523A;1997-11-28;"B60L11/18 
B60L3/00 
H01M10/42 
H02J7/00 
B60L11/18 
B60L3/00 
H01M10/42 
H02J7/00";"Y02E60/10 (EP) 
Y02T10/70 (EP)";1999-06-18;1999-06-18;018217822;
15;SYSTEM AND METHDO FOR CONTROLLING HYDROGEN ELECTRIC VEHICLE FOR USING AUXILIARY BREAK;SHIN JIN CHEOL;"HYUNDAI MOTOR CO LTD [KR] 
KIA CORP [KR]";KR20210053589A;2019-11-04;"B60L58/12 
B60L58/40 
B60L7/10 
B60T13/74";"B60L58/12 (KR) 
B60L58/40 (KR) 
B60L7/10 (KR) 
B60T13/74 (KR) 
B60L2240/62 (KR) 
B60T2201/03 (KR) 
B60T2270/60 (KR) 
B60Y2200/91 (KR) 
Y02T10/70 (EP,KR) 
Y02T10/72 (EP)";2021-05-12;2021-05-12;075918832;
16;Off-grid electric vehicle charging pile based on ammonia-hydrogen conversion;"JING DENGWEI 
WANG WEIDING 
SU JINZHAN 
LIU MAOCHANG 
JIANG BIAO 
ZHANG XIAOHAN 
SHI JINWEN";UNIV XI AN JIAOTONG;CN117124905A;2023-08-30;"B60L53/54 
B60L53/57 
H01M8/0606";"B60L53/54 (CN) 
B60L53/57 (CN) 
H01M8/0606 (CN)";2023-11-28;2023-11-28;088861021;
17;New energy electric vehicle charging pile for city;"XU XIJIE 
YUAN PENGFEI";TAIZHOU LIWEI ENVIRONMENTAL PROTECTION TECH CO LTD;"CN108674229A 
CN108674229B";2018-05-24;"B60S5/02 
B60L50/53 
B60L53/31 
B60L53/51 
H02J7/00";"B60L53/14 (CN) 
B60L53/30 (CN) 
B60L53/31 (CN) 
B60L53/51 (CN) 
B60S5/02 (CN) 
Y02T10/70 (EP) 
Y02T10/7072 (EP) 
Y02T90/12 (EP) 
Y02T90/14 (EP)";"2018-10-19 
2019-11-19";2018-10-19;063808137;
18;System and Method for Renewable Energy Based EV Charging and Hydrogen Fueling;"JORGENSON JOEL A [US] 
JORGENSON ADAM C [US] 
NELSON THOMAS W [US] 
HAALAND NEAL O [US]";BWR INNOVATIONS LLC [US];US2023256848A1;2022-02-11;"B60L53/54 
B60L53/65 
B60L53/68 
B60S5/02 
C25B1/04 
C25B15/08 
H01M10/44 
H01M8/04082 
H01M8/0438 
H01M8/04537 
H01M8/04858 
H01M8/0656";"B60L53/305 (EP) 
B60L53/51 (EP) 
B60L53/52 (EP) 
B60L53/54 (EP,US) 
B60L53/65 (US) 
B60L53/68 (EP,US) 
B60S5/02 (US) 
C25B1/04 (EP,US) 
C25B15/08 (US) 
H01M10/44 (EP,US) 
H01M16/006 (EP) 
H01M8/04201 (EP,US) 
H01M8/04425 (EP,US) 
H01M8/04626 (EP,US) 
H01M8/04947 (EP,US) 
H01M8/0656 (EP,US) 
B60L2210/40 (US) 
C25B15/00 (EP) 
H01M2220/20 (EP,US) 
H01M2250/10 (EP,US) 
H01M2250/20 (EP,US) 
Y02T10/70 (EP) 
Y02T10/7072 (EP)";2023-08-17;2023-08-17;087560027;
19;Vehicle charging system capable of hydrogen and electric charging;HONG SEONG HO;HOGREENAIR CO LTD [KR];KR102511398B1;2022-09-20;"B60L3/00 
B60L53/16 
B60L53/51 
B60L53/54 
B60L53/57 
B60L58/30 
H01M8/04082 
H05K7/20";"Y02T10/70 (EP) 
Y02T10/7072 (EP)";2023-03-20;2023-03-20;085796445;
20;Hydrogen plug-in hybrid electric vehicle;"TAN PIQIANG 
YAO CHAOJIE";UNIV TONGJI;CN115431743A;2022-09-22;"B60K15/01 
B60K15/03 
B60K6/32";"B60K15/013 (CN) 
B60K15/03006 (CN) 
B60K6/32 (CN) 
B60K2015/03315 (CN)";2022-12-06;2022-12-06;084250059;
21;Method and means for electric vehicle battery charging;VAANANEN MIKKO KALERVO [FI];VAANANEN MIKKO KALERVO [FI];US2022258626A1;2021-02-17;"B60L50/60 
B60L53/14 
H01B12/04 
H01B12/12 
H01M50/522";"B60L50/60 (US) 
B60L53/14 (US) 
B60L53/18 (EP) 
B60L53/302 (EP) 
H01B12/04 (US) 
H01B12/12 (US) 
H01M50/522 (EP,US) 
H01B12/16 (EP,US) 
H01M2220/20 (EP,US) 
H10N60/855 (US) 
H10N60/857 (US)";2022-08-18;2022-08-18;082801023;
22;Wind-light-electricity-hydrogen storage integrated charging and hydrogen charging system for expressway electric vehicle;"GUO WENLI 
GUO YEHENG 
KONG RUILEI 
LI PENGCHENG 
WANG MOLI";HENAN HENGJU NEW ENERGY EQUIPMENT CO LTD;CN113085622A;2021-03-15;"B60L53/31 
B60L53/51 
B60L53/52 
F17C13/00 
F17C5/06 
F17C7/00 
F17D1/04 
F17D1/07 
F17D1/20 
H01M8/04082 
H02J15/00";"B60L53/31 (CN) 
B60L53/51 (CN) 
B60L53/52 (CN) 
F17C13/00 (CN) 
F17C5/06 (CN) 
F17C7/00 (CN) 
F17D1/04 (CN) 
F17D1/07 (CN) 
F17D1/20 (CN) 
H01M8/04201 (CN) 
H02J15/008 (CN) 
F17C2221/012 (CN) 
F17C2223/0123 (CN) 
F17C2225/0123 (CN) 
F17C2227/0157 (CN) 
F17C2265/065 (CN) 
Y02E60/32 (EP) 
Y02E60/34 (EP) 
Y02E60/36 (EP) 
Y02E60/50 (EP) 
Y02E70/30 (EP) 
Y02T10/70 (EP) 
Y02T10/7072 (EP) 
Y02T10/72 (EP) 
Y02T90/12 (EP)";2021-07-09;2021-07-09;076667189;
23;Intelligent dual -driving -force assembly for battery electric vehicle;"ZHANG YONG 
WANG LIN 
MENG JIANBO 
LI LEI";BEIJING ZHONGRUI PUDE CREATIVE TECH DEVELOPMENT CO LTD;CN206374543U;2016-07-29;"B60K1/02 
B60K17/02 
B60K17/06 
B60L11/18 
B60L15/20 
B60L15/32";"Y02T10/70 (EP) 
Y02T10/72 (EP)";2017-08-04;2017-08-04;059402643;
24;Electric vehicle battery and vehicle body separated centralized charging method;DONG SHE;DONG SHE;CN115158041A;2022-06-20;"B60L50/60 
B60L53/80 
H02J7/00";"B60L50/66 (CN) 
B60L53/80 (CN) 
H02J7/0045 (CN) 
Y02T10/70 (EP) 
Y02T10/7072 (EP)";2022-10-11;2022-10-11;083486596;
25;BATTERY CONTROL DEVICE FOR ELECTRIC VEHICLE;"ARAI YOICHI 
SHIMOYAMA KENICHI 
MAEMOTO TOSHIFUMI";"YAZAKI CORP 
MAZDA MOTOR";JPH11164401A;1997-11-28;"B60L11/18 
B60L3/00 
H01M10/42 
H02J7/00 
B60L50/64 
H01M10/42 
H01M10/48 
H02J7/00 
H01M10/52 
H01M2/10 
H01M2/12";"B60L3/0046 (EP,US) 
B60L50/64 (EP,US) 
B60L53/14 (EP,US) 
B60L58/10 (EP,US) 
B60L58/15 (EP,US) 
B60L58/26 (EP) 
H01M10/48 (EP,US) 
H01M50/249 (EP,US) 
H01M10/52 (EP,US) 
H01M10/613 (EP,US) 
H01M10/625 (EP,US) 
H01M10/63 (EP,US) 
H01M10/6563 (EP,US) 
H01M50/30 (EP,US) 
Y02E60/10 (EP) 
Y02T10/70 (EP,US) 
Y02T10/7072 (EP,US) 
Y02T90/14 (EP,US) 
Y02T90/16 (EP,US)";1999-06-18;1999-06-18;018212376;
26;APPARATUS AND METHOD USING HYDROGEN PRESSURE IN FUEL CELL ELECTRIC VEHICLE;"MAJAROV KONSTANTIN S [US] 
O'MEARA THOMAS P [US]";"GM GLOBAL TECH OPERATIONS INC [US] 
MAJAROV KONSTANTIN S [US] 
O'MEARA THOMAS P [US]";"US2010304228A1 
US8153309B2";2009-05-27;"F02B63/00 
H01M8/04 
H01M8/06";"F01B1/02 (EP,US) 
F01B17/02 (EP,US) 
H01M8/04067 (EP,US) 
H01M8/04089 (EP,US) 
H01M2250/20 (EP,US) 
H01M2250/402 (EP,US) 
H01M2250/407 (EP,US) 
Y02B90/10 (EP,US) 
Y02E60/50 (EP,US) 
Y02T90/40 (EP,US)";"2010-12-02 
2012-04-10";2010-12-02;043220607;
27;Hydrogen fuel cell integrated fast electric vehicle charger;HA JAE CHUNG [KR];HA JAE CHUNG [KR];"KR102352048B1 
KR20210148470A";2020-05-28;"B60L53/10 
B60L53/24 
B60L53/66 
H02H5/04 
H02H7/18 
H02M3/00 
H02M7/44";"B60L53/11 (KR) 
B60L53/24 (KR) 
B60L53/665 (KR) 
H01M8/0494 (KR) 
H01M8/04947 (KR) 
H02H5/041 (KR) 
H02H7/18 (KR) 
H02M3/00 (KR) 
H02M7/44 (KR) 
B60L2210/10 (KR) 
B60L2210/40 (KR) 
B60L2250/16 (KR) 
B60Y2200/91 (KR) 
H01M2250/20 (KR) 
Y02E60/50 (EP,KR) 
Y02T10/70 (EP,KR) 
Y02T10/7072 (EP,KR) 
Y02T10/72 (KR) 
Y02T90/12 (EP) 
Y02T90/14 (EP) 
Y02T90/16 (EP) 
Y02T90/167 (KR)";"2021-12-08 
2022-01-17";2021-12-08;078867662;
28;HYBRID PLUG-IN BATTERY AND HYDROGEN FUEL ENGINE VEHICLE WITH SWAPPABLE HYDROGEN TANKS AND METHOD FOR MODULAR HYDROGEN STORAGE AND TRANSPORTATION AND DISTRIBUTION;WANG YONGHUA [US];WANG YONGHUA [US];"US12005772B2 
US2022402354A1";2021-06-17;"B60K15/01 
B60K15/03 
F02B43/10 
H01M10/42 
H01M10/44 
H01M10/46 
H02J7/35 
B60K15/00 
F02B13/10";"B60K15/00 (US) 
B60K15/01 (EP,US) 
B60K15/013 (EP) 
B60K15/03 (US) 
B60K15/03006 (EP) 
B60K15/07 (CN) 
B60K6/24 (CN) 
B60K6/28 (CN) 
B60L50/71 (EP) 
B60L50/72 (EP) 
B60L50/75 (EP) 
B60L8/003 (CN) 
F02B13/10 (US) 
F02B43/10 (US) 
H01M10/4257 (US) 
H01M10/44 (US) 
H01M10/465 (EP,US) 
H01M50/249 (EP) 
H01M8/04201 (EP) 
H01M8/0656 (EP) 
H01M8/1007 (EP) 
H02J15/008 (EP) 
H02J7/35 (EP,US) 
B60K2015/03118 (CN) 
B60K2015/03184 (EP,CN,US) 
B60K2015/03315 (EP,CN,US) 
C25B1/04 (EP) 
C25B15/00 (EP) 
F02B2043/106 (US) 
H01M2010/4278 (US) 
H01M2220/20 (EP,US) 
H01M2250/20 (EP) 
H02J2300/30 (EP) 
H02J2310/48 (EP) 
Y02E60/36 (US)";"2022-12-22 
2024-06-11";2022-12-22;084489982;
29;Pure electric vehicle powered by hydrogen energy;LIANG XINYAN;CHERY AUTOMOBILE CO LTD;CN103350650A;2013-06-25;"B60K1/00 
B60L11/18 
B60L15/00";"Y02T10/70 (EP) 
Y02T10/72 (EP)";2013-10-16;2013-10-16;049307103;
30;SYSTÈME DE CHARGE DE VÉHICULE ÉLECTRIQUE UTILISANT UNE ÉNERGIE MOBILE, RAPIDE ET PROPRE;CELIK AHMET OZAN [TR];ESKISEHIR TEKNIK UNIV [TR];WO2023146504A1;2021-01-28;"B60L53/51 
B60L53/66 
B60L7/10 
H02J7/35";"B60L53/51 (EP) 
B60L53/53 (EP) 
B60L53/665 (EP) 
B60L7/10 (EP) 
H02J7/342 (EP) 
H02J7/35 (EP) 
Y02T10/70 (EP) 
Y02T10/7072 (EP) 
Y02T90/12 (EP)";2023-08-03;2022-08-04;082653775;
31;Charging system capable of preventing electric vehicle from moving during charging;"LU SHIMIN 
DOU WANKUN 
XU WENQING 
ZHU HONGJUN";JIANGSU KINGBON VEHICLE CO LTD;CN108621843A;2018-05-10;B60L3/00;"B60L3/00 (CN) 
B60L53/00 (CN) 
B60L53/60 (CN) 
B60L2200/12 (CN) 
Y02T10/70 (EP) 
Y02T10/7072 (EP) 
Y02T10/72 (EP) 
Y02T90/12 (EP) 
Y02T90/14 (EP)";2018-10-09;2018-10-09;063692409;
32;BATTERY CHARGING DEVICE IN ELECTRIC VEHICLE;KIYOMIYA SHIGERU;KOMATSU FORKLIFT;JP2005100746A;2003-09-24;"B60L11/18 
B60L3/00 
H01M10/44 
B60L11/18 
B60L3/00 
H01M10/44";"Y02E60/10 (EP) 
Y02T10/70 (EP)";2005-04-14;2005-04-14;034460162;
33;Control method and system for charging other electric vehicles through hydrogen fuel cell electric vehicle;"XIANG HUA 
YANG WEITAO";GUANGDONG HYDROGEN ENERGY SCIENCE & TECH CO LTD;CN110014885A;2017-11-29;"B60L53/00 
B60S5/06";"B60L58/30 (CN) 
B60S5/06 (CN) 
Y02T10/70 (EP) 
Y02T10/7072 (EP) 
Y02T90/14 (EP) 
Y02T90/16 (EP)";2019-07-16;2019-07-16;067186521;
34;Energy independent type hydrogen energy power generation system for supplying power to electric vehicle charging pile;"KWON SOON-PYO 
KIM JONG-HWA";KWATERCRAFT CO LTD;CN115706254A;2021-08-04;"B60L53/31 
B60L53/51 
B60L53/54 
C02F1/461 
C02F9/00 
C25B1/04 
H01M8/22 
C02F103/08";;2023-02-17;2023-02-17;085178622;
35;Water-hydrogen plug-in hybrid electric vehicle;"XIANG HUA 
LI WENXIA";GUANGDONG HYDROGEN ENERGY SCIENCE & TECH CO LTD;CN108258270A;2016-12-28;"B60K6/32 
H01M8/0612";"B60K6/32 (CN) 
H01M8/0618 (CN) 
H01M2250/20 (CN) 
Y02E60/50 (EP) 
Y02T90/40 (EP)";2018-07-06;2018-07-06;062719797;
36;Charging hydrogenation load simulation method and device for electric vehicle and hydrogen fuel cell vehicle;"TIAN XUEQIN 
YANG HENG 
YUAN TIEJIANG 
YANG FUYUAN 
WANG XINLEI 
JI LI";"UNIV DALIAN TECH 
STATE GRID ECONOMIC AND TECH RESEARCH INSTITUTE CO LTD 
ELECTRIC POWER RES INST STATE GRID LIAONING ELECTRIC POWER CO LTD 
STATE GRID CORP CHINA";CN115759606A;2022-11-11;"G06Q10/04 
G06Q10/0631 
G06Q50/06";;2023-03-07;2023-03-07;085369534;
37;Charging and water replenishing station for electric vehicle;"SUN YIFEI 
CAI JIABIN";XIAMEN GULUOPU TECH CO LTD;CN217969303U;2022-07-25;"B60L53/31 
B60L53/53 
B60L53/54 
H02J7/00";;2022-12-06;2022-12-06;084282245;
38;FUEL CELL SYSTEM FOR CHARGING ELECTRIC VEHICLE BATTERIES;LEE WOONG MOO [KR];PAHPS [KR];KR20160042488A;2014-10-10;"B60K1/04 
B60L11/18 
H01M8/04 
H01M8/06";"B60L50/50 (KR) 
B60L58/30 (KR) 
H01M8/04089 (KR) 
H01M8/04201 (KR) 
H01M8/04947 (KR) 
H01M8/0618 (KR) 
H01M8/0662 (KR) 
H01M8/0687 (KR) 
H01M2250/20 (KR) 
Y02E60/50 (EP) 
Y02T10/70 (EP) 
Y02T90/40 (EP)";2016-04-20;2016-04-20;055917282;
39;Mobile charging system for electric vehicle;XIANG HUA;SHANGHAI HYDROGEN MOBILE REFORMER INSTR CO LTD;CN106026340A;2016-06-17;"H02J7/00 
H02J7/35 
H02S10/10 
H02S10/12";"H02J7/0063 (CN) 
H02J7/35 (CN) 
H02S10/10 (CN) 
H02S10/12 (CN) 
H02J2207/40 (CN) 
Y02E10/50 (EP)";2016-10-12;2016-10-12;057088718;
40;SYSTÈME DE CHARGE DE VÉHICULE ÉLECTRIQUE COMPORTANT UN CHARGEUR MOBILE UTILISANT UNE PILE À HYDROGÈNE;"YOO JAE SIK [KR] 
CHOI SEONG HOON [KR]";INFINITE KOREA INC [KR];WO2023195813A1;2022-04-08;"B60L53/16 
B60L53/24 
B60L53/35 
B60L53/54";"B60L53/16 (EP,KR) 
B60L53/24 (EP,KR) 
B60L53/35 (EP,KR) 
B60L53/54 (EP,KR) 
B60Y2200/91 (KR) 
Y02E60/50 (KR) 
Y02T90/12 (KR) 
Y02T90/14 (KR) 
Y02T90/40 (KR)";2023-10-12;2023-10-12;088243281;
41;Mobile electric vehicle charging system;"ZHANG RUIFENG 
WANG HAIFAN 
WU JIN 
ZHANG RUIJIE";DONGGUAN QINGXIN NEW ENERGY CO LTD;CN106696746A;2017-01-19;"B60L11/18 
H02J7/00";"B60L53/00 (CN) 
B60L53/51 (CN) 
B60L53/53 (CN) 
B60L53/54 (CN) 
H02J7/0027 (CN) 
H02J7/0068 (CN) 
Y02T10/70 (EP) 
Y02T10/7072 (EP) 
Y02T10/72 (EP) 
Y02T90/12 (EP) 
Y02T90/14 (EP)";2017-05-24;2017-05-24;058909017;
42;Mobile charging vehicle based on hydrogen fuel battery pack charging;"ZHANG XIA 
SADAMASA TATSUTAKA 
ZHANG DUO";INNER MONGOLIA YUANSU MENGTAI INTELLIGENT HYDROGEN ELECTRIC COMMERCIAL VEHICLE CO LTD;CN221914114U;2023-12-07;"B60L53/54 
B60P3/00";;2024-10-29;2024-10-29;093195451;
43;Vehicle electric battery charging system;JULIAN MENASHE [BS];JULIAN MENASHE [BS];GB2631101A;2023-06-19;"B60L53/66 
B60L53/68";"B60L50/10 (EP) 
B60L50/50 (EP) 
B60L50/75 (EP) 
B60L53/65 (EP) 
B60L53/66 (GB) 
B60L53/665 (EP) 
B60L53/67 (EP) 
B60L53/68 (EP,GB) 
B60L7/10 (EP) 
B60L2240/12 (EP) 
B60L2240/622 (EP) 
B60L2240/70 (GB) 
Y02T10/70 (EP) 
Y02T10/7072 (EP) 
Y02T90/10 (GB) 
Y02T90/12 (EP) 
Y02T90/16 (EP,GB)";2024-12-25;2024-12-25;091738186;
44;COMBINED HYDROGEN FUEL CELL FOR VEHICLE FUELING, ELECTRIC VEHICLE FAST CHARGING AND FUEL CELL BACK-UP POWER FORECOURT;"VOLK JAMES JOSEPH [US] 
WENCK JAMES M [US] 
TAYLOR FRED [CA]";GHD INC [US];US2022227247A1;2021-01-21;"B60L50/70 
B60L53/10 
B60L53/54 
H01M8/04082";"B60L50/70 (US) 
B60L53/11 (EP) 
B60L53/51 (EP) 
B60L53/52 (EP) 
B60L53/54 (EP,US) 
H01M8/04201 (EP,US) 
H01M8/0656 (EP) 
C25B1/04 (EP,US) 
C25B15/00 (EP) 
H01M2250/20 (EP,US) 
H01M2250/402 (EP,US) 
Y02E60/36 (EP) 
Y02E60/50 (EP) 
Y02T10/70 (EP) 
Y02T10/7072 (EP) 
Y02T90/12 (EP) 
Y02T90/40 (EP)";2022-07-21;2022-07-21;082406830;
45;Apparatus for controlling charging of a storage battery for use on an electric vehicle;HOTTA YOSHIHIKO [JP];HONDA MOTOR CO LTD [JP];US5686812A;1995-02-06;"H01M10/46 
B60L1/00 
B60L11/18 
H02J7/00 
H02J7/34";"B60L1/003 (EP,US) 
B60L1/02 (EP,US) 
B60L3/0046 (US) 
B60L53/14 (EP,US) 
B60L53/22 (EP,US) 
B60L58/14 (EP,US) 
B60L58/15 (EP,US) 
B60L58/26 (EP,US) 
B60L58/27 (EP,US) 
H02J7/0031 (EP,US) 
H02J7/0068 (EP,US) 
B60L2210/10 (EP,US) 
B60L2210/30 (EP,US) 
B60L2210/40 (EP,US) 
B60L2240/545 (EP,US) 
B60L2240/547 (EP,US) 
B60L2240/549 (EP,US) 
B60L2250/16 (EP,US) 
B60L2260/22 (EP,US) 
B60L2260/54 (EP,US) 
Y02T10/70 (EP,US) 
Y02T10/7072 (EP,US) 
Y02T10/72 (EP,US) 
Y02T90/12 (US) 
Y02T90/14 (EP,US) 
Y10S320/10 (EP,US) 
Y10S320/11 (EP,US)";1997-11-11;1996-08-20;011966471;
