Discipline,Field
discipline,field
ACOUSTICS,Physics
AGRICULTURAL ECONOMICS & POLICY,Environmental Science
AGRICULTURAL ENGINEERING,Engineering
AGRICULTURE DAIRY & ANIMAL SCIENCE,Biology
AGRICULTURE MULTIDISCIPLINARY,Biology
AGRONOMY,Biology
ALLERGY,Medicine
ANATOMY & MORPHOLOGY,Biology
ANDROLOGY,Medicine
ANESTHESIOLOGY,Medicine
ANTHROPOLOGY,Biology
ARCHAEOLOGY,Geology
ARCHITECTURE,Engineering
AREA STUDIES,Environmental Science
ART,Mathematics
ASIAN STUDIES,Environmental Science
ASTRONOMY & ASTROPHYSICS,Physics
AUDIOLOGY & SPEECH-LANGUAGE PATHOLOGY,Medicine
AUTOMATION & CONTROL SYSTEMS,Engineering
BEHAVIORAL SCIENCES,Biology
BIOCHEMICAL RESEARCH METHODS,Chemistry
BIOCHEMISTRY & MOLECULAR BIOLOGY,Biology
BIODIVERSITY CONSERVATION,Environmental Science
BIOLOGY,Biology
BIOPHYSICS,Biology
BIOTECHNOLOGY & APPLIED MICROBIOLOGY,Biology
BUSINESS,Mathematics
BUSINESS FINANCE,Mathematics
CARDIAC & CARDIOVASCULAR SYSTEMS,Medicine
CELL & TISSUE ENGINEERING,Biology
CELL BIOLOGY,Biology
CHEMISTRY ANALYTICAL,Chemistry
CHEMISTRY APPLIED,Chemistry
CHEMISTRY INORGANIC & NUCLEAR,Chemistry
CHEMISTRY MEDICINAL,Chemistry
CHEMISTRY MULTIDISCIPLINARY,Chemistry
CHEMISTRY ORGANIC,Chemistry
CHEMISTRY PHYSICAL,Chemistry
CLASSICS,Environmental Science
CLINICAL NEUROLOGY,Medicine
COMMUNICATION,Computer Science
COMPUTER SCIENCE ARTIFICIAL INTELLIGENCE,Computer Science
COMPUTER SCIENCE CYBERNETICS,Computer Science
COMPUTER SCIENCE HARDWARE & ARCHITECTURE,Computer Science
COMPUTER SCIENCE INFORMATION SYSTEMS,Computer Science
COMPUTER SCIENCE INTERDISCIPLINARY APPLICATIONS,Computer Science
COMPUTER SCIENCE SOFTWARE ENGINEERING,Computer Science
COMPUTER SCIENCE THEORY & METHODS,Computer Science
CONSTRUCTION & BUILDING TECHNOLOGY,Engineering
CRIMINOLOGY & PENOLOGY,Mathematics
CRITICAL CARE MEDICINE,Medicine
CRYSTALLOGRAPHY,Chemistry
CULTURAL STUDIES,Environmental Science
DANCE,Medicine
DEMOGRAPHY,Mathematics
DENTISTRY ORAL SURGERY & MEDICINE,Medicine
DERMATOLOGY,Medicine
DEVELOPMENT STUDIES,Environmental Science
DEVELOPMENTAL BIOLOGY,Biology
ECOLOGY,Environmental Science
ECONOMICS,Mathematics
EDUCATION & EDUCATIONAL RESEARCH,Mathematics
EDUCATION SCIENTIFIC DISCIPLINES,Mathematics
EDUCATION SPECIAL,Medicine
ELECTROCHEMISTRY,Chemistry
EMERGENCY MEDICINE,Medicine
ENDOCRINOLOGY & METABOLISM,Medicine
ENERGY & FUELS,Engineering
ENGINEERING AEROSPACE,Engineering
ENGINEERING BIOMEDICAL,Engineering
ENGINEERING CHEMICAL,Engineering
ENGINEERING CIVIL,Engineering
ENGINEERING ELECTRICAL & ELECTRONIC,Engineering
ENGINEERING ENVIRONMENTAL,Engineering
ENGINEERING GEOLOGICAL,Engineering
ENGINEERING INDUSTRIAL,Engineering
ENGINEERING MANUFACTURING,Engineering
ENGINEERING MARINE,Engineering
ENGINEERING MECHANICAL,Engineering
ENGINEERING MULTIDISCIPLINARY,Engineering
ENGINEERING OCEAN,Engineering
ENGINEERING PETROLEUM,Engineering
ENTOMOLOGY,Biology
ENVIRONMENTAL SCIENCES,Environmental Science
ENVIRONMENTAL STUDIES,Environmental Science
ERGONOMICS,Engineering
ETHICS,Mathematics
ETHNIC STUDIES,Environmental Science
EVOLUTIONARY BIOLOGY,Biology
FAMILY STUDIES,Biology
FILM RADIO TELEVISION,Computer Science
FISHERIES,Biology
FOLKLORE,Environmental Science
FOOD SCIENCE & TECHNOLOGY,Chemistry
FORESTRY,Environmental Science
GASTROENTEROLOGY & HEPATOLOGY,Medicine
GENETICS & HEREDITY,Biology
GEOCHEMISTRY & GEOPHYSICS,Geology
GEOGRAPHY,Environmental Science
GEOGRAPHY PHYSICAL,Geology
GEOLOGY,Geology
GEOSCIENCES MULTIDISCIPLINARY,Geology
GERIATRICS & GERONTOLOGY,Medicine
GERONTOLOGY,Medicine
GREEN & SUSTAINABLE SCIENCE & TECHNOLOGY,Environmental Science
HEALTH CARE SCIENCES & SERVICES,Medicine
HEALTH POLICY & SERVICES,Medicine
HEMATOLOGY,Medicine
HISTORY,Environmental Science
HISTORY & PHILOSOPHY OF SCIENCE,Mathematics
HISTORY OF SOCIAL SCIENCES,Mathematics
HORTICULTURE,Biology
HOSPITALITY LEISURE SPORT & TOURISM,Environmental Science
HUMANITIES MULTIDISCIPLINARY,Environmental Science
IMAGING SCIENCE & PHOTOGRAPHIC TECHNOLOGY,Engineering
IMMUNOLOGY,Medicine
INDUSTRIAL RELATIONS & LABOR,Mathematics
INFECTIOUS DISEASES,Medicine
INFORMATION SCIENCE & LIBRARY SCIENCE,Computer Science
INSTRUMENTS & INSTRUMENTATION,Engineering
INTEGRATIVE & COMPLEMENTARY MEDICINE,Medicine
INTERNATIONAL RELATIONS,Mathematics
LANGUAGE & LINGUISTICS,Computer Science
LAW,Mathematics
LIMNOLOGY,Environmental Science
LINGUISTICS,Computer Science
LITERARY REVIEWS,Environmental Science
LITERARY THEORY & CRITICISM,Environmental Science
LITERATURE,Environmental Science
LITERATURE AFRICAN AUSTRALIAN CANADIAN,Environmental Science
LITERATURE AMERICAN,Environmental Science
LITERATURE BRITISH ISLES,Environmental Science
LITERATURE GERMAN DUTCH SCANDINAVIAN,Environmental Science
LITERATURE ROMANCE,Environmental Science
LITERATURE SLAVIC,Environmental Science
LOGIC,Mathematics
MANAGEMENT,Mathematics
MARINE & FRESHWATER BIOLOGY,Biology
MATERIALS SCIENCE BIOMATERIALS,Materials Science
MATERIALS SCIENCE CERAMICS,Materials Science
MATERIALS SCIENCE CHARACTERIZATION & TESTING,Materials Science
MATERIALS SCIENCE COATINGS & FILMS,Materials Science
MATERIALS SCIENCE COMPOSITES,Materials Science
MATERIALS SCIENCE MULTIDISCIPLINARY,Materials Science
MATERIALS SCIENCE PAPER & WOOD,Materials Science
MATERIALS SCIENCE TEXTILES,Materials Science
MATHEMATICAL & COMPUTATIONAL BIOLOGY,Mathematics
MATHEMATICS,Mathematics
MATHEMATICS APPLIED,Mathematics
MATHEMATICS INTERDISCIPLINARY APPLICATIONS,Mathematics
MECHANICS,Physics
MEDICAL ETHICS,Medicine
MEDICAL INFORMATICS,Computer Science
MEDICAL LABORATORY TECHNOLOGY,Medicine
MEDICINE GENERAL & INTERNAL,Medicine
MEDICINE LEGAL,Medicine
MEDICINE RESEARCH & EXPERIMENTAL,Medicine
MEDIEVAL & RENAISSANCE STUDIES,Environmental Science
METALLURGY & METALLURGICAL ENGINEERING,Materials Science
METEOROLOGY & ATMOSPHERIC SCIENCES,Environmental Science
MICROBIOLOGY,Biology
MICROSCOPY,Physics
MINERALOGY,Geology
MINING & MINERAL PROCESSING,Engineering
MULTIDISCIPLINARY SCIENCES,Mathematics
MUSIC,Physics
MYCOLOGY,Biology
NANOSCIENCE & NANOTECHNOLOGY,Materials Science
NEUROIMAGING,Medicine
NEUROSCIENCES,Biology
NUCLEAR SCIENCE & TECHNOLOGY,Physics
NURSING,Medicine
NUTRITION & DIETETICS,Medicine
OBSTETRICS & GYNECOLOGY,Medicine
OCEANOGRAPHY,Environmental Science
ONCOLOGY,Medicine
OPERATIONS RESEARCH & MANAGEMENT SCIENCE,Mathematics
OPHTHALMOLOGY,Medicine
OPTICS,Physics
ORNITHOLOGY,Biology
ORTHOPEDICS,Medicine
OTORHINOLARYNGOLOGY,Medicine
PALEONTOLOGY,Geology
PARASITOLOGY,Biology
PATHOLOGY,Medicine
PEDIATRICS,Medicine
PERIPHERAL VASCULAR DISEASE,Medicine
PHARMACOLOGY & PHARMACY,Medicine
PHILOSOPHY,Mathematics
PHYSICS APPLIED,Physics
PHYSICS ATOMIC MOLECULAR & CHEMICAL,Physics
PHYSICS CONDENSED MATTER,Physics
PHYSICS FLUIDS & PLASMAS,Physics
PHYSICS MATHEMATICAL,Physics
PHYSICS MULTIDISCIPLINARY,Physics
PHYSICS NUCLEAR,Physics
PHYSICS PARTICLES & FIELDS,Physics
PHYSIOLOGY,Biology
PLANT SCIENCES,Biology
POETRY,Environmental Science
POLITICAL SCIENCE,Mathematics
POLYMER SCIENCE,Materials Science
PRIMARY HEALTH CARE,Medicine
PSYCHIATRY,Medicine
PSYCHOLOGY,Medicine
PSYCHOLOGY APPLIED,Medicine
PSYCHOLOGY BIOLOGICAL,Medicine
PSYCHOLOGY CLINICAL,Medicine
PSYCHOLOGY DEVELOPMENTAL,Medicine
PSYCHOLOGY EDUCATIONAL,Medicine
PSYCHOLOGY EXPERIMENTAL,Medicine
PSYCHOLOGY MATHEMATICAL,Mathematics
PSYCHOLOGY MULTIDISCIPLINARY,Medicine
PSYCHOLOGY PSYCHOANALYSIS,Medicine
PSYCHOLOGY SOCIAL,Medicine
PUBLIC ADMINISTRATION,Mathematics
PUBLIC ENVIRONMENTAL & OCCUPATIONAL HEALTH,Medicine
QUANTUM SCIENCE & TECHNOLOGY,Physics
RADIOLOGY NUCLEAR MEDICINE & MEDICAL IMAGING,Medicine
REGIONAL & URBAN PLANNING,Environmental Science
REHABILITATION,Medicine
RELIGION,Environmental Science
REMOTE SENSING,Engineering
REPRODUCTIVE BIOLOGY,Biology
RESPIRATORY SYSTEM,Medicine
RHEUMATOLOGY,Medicine
ROBOTICS,Engineering
SOCIAL ISSUES,Mathematics
SOCIAL SCIENCES BIOMEDICAL,Medicine
SOCIAL SCIENCES INTERDISCIPLINARY,Mathematics
SOCIAL SCIENCES MATHEMATICAL METHODS,Mathematics
SOCIAL WORK,Medicine
SOCIOLOGY,Mathematics
SOIL SCIENCE,Environmental Science
SPECTROSCOPY,Chemistry
SPORT SCIENCES,Medicine
STATISTICS & PROBABILITY,Mathematics
SUBSTANCE ABUSE,Medicine
SURGERY,Medicine
TELECOMMUNICATIONS,Engineering
THEATER,Environmental Science
THERMODYNAMICS,Physics
TOXICOLOGY,Medicine
TRANSPLANTATION,Medicine
TRANSPORTATION,Engineering
TRANSPORTATION SCIENCE & TECHNOLOGY,Engineering
TROPICAL MEDICINE,Medicine
URBAN STUDIES,Environmental Science
UROLOGY & NEPHROLOGY,Medicine
VETERINARY SCIENCES,Medicine
VIROLOGY,Biology
WATER RESOURCES,Environmental Science
WOMENS STUDIES,Environmental Science
ZOOLOGY,Biology
